{"cameraMode":{"drawMode":0,"name":"Shaded","section":"Shading Mode"},"sceneLighting":false,"audioPlay":false,"sceneViewState":{"m_AlwaysRefresh":false,"showFog":true,"showSkybox":false,"showFlares":true,"showImageEffects":true,"showParticleSystems":true,"showVisualEffectGraphs":true,"m_FxEnabled":false},"in2DMode":false,"pivot":{"x":-6.653419494628906,"y":-0.039999961853027347,"z":-21.936630249023439},"rotation":{"x":0.19625435769557954,"y":-0.08548036962747574,"z":0.017176853492856027,"w":0.9766775369644165},"size":5.85574197769165,"orthographic":true}