{"cameraMode":{"drawMode":2,"name":"Shaded Wireframe","section":"Shading Mode"},"sceneLighting":false,"audioPlay":false,"sceneViewState":{"m_AlwaysRefresh":false,"showFog":true,"showSkybox":false,"showFlares":true,"showImageEffects":true,"showParticleSystems":true,"showVisualEffectGraphs":true,"m_FxEnabled":false},"in2DMode":false,"pivot":{"x":-0.007964372634887696,"y":-0.022181272506713868,"z":0.012537479400634766},"rotation":{"x":-0.06916964054107666,"y":-0.287587434053421,"z":0.020828740671277047,"w":-0.9550356864929199},"size":4.0802998542785648,"orthographic":true}